,Component_1,Component_2,Component_3,Component_4,Component_5,Component_6,Component_7,Component_8,Component_9
age,0.6723314475445519,0.3834119141054455,0.3342443793181458,0.2601331042058481,0.19160255780675803,-0.17391881523531275,0.052414238123252736,0.009940973634555572,0.022322853268796846
head_motion,0.23796586022573243,0.08050761022839459,-0.09412239220047386,-0.055198174254340475,-0.024055461198798603,0.04597384106903995,0.06067630862235216,-0.04290672977912251,-0.038120955912805246
IC1-IC2,-0.06480767913873796,0.043568210186175134,-0.024051288164887417,-0.06329569650362865,0.11076765487628364,-0.07932556771426993,-0.00742541202762596,0.08453425146169663,0.0762182673965355
IC1-IC3,0.02203837056471099,0.022943136896220465,-0.1511666095689551,-0.014982921698100175,-0.054396060930595916,-0.05342175368272241,0.05173049993211001,-0.045171212624043375,-0.019376976127680575
IC1-IC4,0.052402135949931095,0.00959457202699353,-0.04774939192604607,-0.04092642726234549,0.11339666479274285,0.052603963993145035,-0.20106706771629343,-0.0323296452519758,-0.03998759529004453
IC1-IC5,0.0442466698613896,0.02078026862567182,-0.039317982383454006,-0.19152788720759692,0.022845066074466215,0.05591401830416058,0.02509406020709485,-0.09589040951605132,0.01094908531980621
IC1-IC6,0.007420126897302988,-0.08307625417215773,0.05713130039426449,0.020142832397828908,-0.037880993407267534,0.09899654389711851,0.06398526328461507,0.14001187216741148,-0.16443903702649407
IC1-IC7,0.046902126809675246,-0.03502983984892748,-0.04648661686342821,-0.020024359249399402,0.03408977330182291,0.006415822067108175,-0.010909161301689714,0.0070353245439476785,0.09128537782645275
IC1-IC8,-0.0322835781253252,0.05500302728219495,0.007466281446518982,0.09039254709895855,0.002596460144136911,0.11603954397070658,-0.0010550357794959842,-0.05343695581771916,-0.043643700992798413
IC1-IC9,0.052584216881370625,0.005779958217392571,-0.051746918501185596,0.021917346722666316,0.13594831890539794,0.05618771836426722,-0.10166135419794868,-0.0720533063890336,0.03024207411554678
IC1-IC10,0.043969739104890555,0.03431302672008786,-0.059282957786367295,0.12314248016255475,0.07754381968075802,0.020486962429222606,-0.03089912139865469,-0.0681235345426729,-0.11478321872447948
IC1-IC11,0.006389659307146113,0.02946346843168214,0.046590434303621545,-0.1511365441171463,0.11674066549344765,-0.030926029023041778,0.10682378063346944,-0.01493293859601162,-0.00023766156706833864
IC1-IC12,-0.014369204904555859,0.01463677887757024,-0.036916241018227616,0.07996425420628821,0.005022927359579392,0.15899064839463276,-0.00959570116702036,0.09205355509449305,0.007864270188740806
IC1-IC13,0.04205862878394012,-0.02272740288680981,-0.07750188372043904,0.03398103752786573,0.09039806569829789,0.05635571508569838,0.0017602246507260157,-0.00665904469454333,0.13812395349966747
IC1-IC14,0.043562476565295154,0.0069799568713945406,0.030349247068632193,0.062411879355637974,0.0006815036063970395,0.15025470668893226,0.04224839313715642,-0.017639741041338947,0.02908570503637914
IC1-IC15,-0.02439877484573553,0.02508761990016333,0.04970156195185365,-0.133695721182108,0.1315915755442603,0.0007556400109193247,-0.007812255382660189,0.09710173204526916,0.014147489096615357
IC1-IC16,0.005685657730401426,-0.02307389455777163,-0.054878813176611946,-0.02132474703550695,0.0028057672192916194,0.06142106249883722,0.07038649741623043,-0.05691991688450925,-0.029012838658931367
IC1-IC17,0.057790549155275255,-0.01499722745206163,0.011021734382197054,-0.1159238706879064,-0.0328425704523388,-0.01562247563863328,0.07863261162871218,0.06184994084064392,0.02007806679436897
IC1-IC18,-0.008514245106063361,-0.06803310833609193,-0.10145319362945676,0.12618270551906977,0.06992738111156538,0.06304075956359452,-0.0528510879135057,-0.16348912702751575,0.03868510982450653
IC1-IC19,-0.0013935271679967572,-0.047137247785898305,-0.01624074872409165,0.010771469116032266,0.007547409478116255,0.09474499541648249,0.03449919362727704,0.0028243494502344646,-0.05407242327715713
IC1-IC20,-0.027395884118421882,0.03996367104499421,-0.005205409210750407,-0.09353568439997043,0.07160513997974051,0.03150442097683849,0.025755265764242266,0.026140766448569015,-0.08050985724449092
IC1-IC21,0.019866897021422077,0.011841968631327372,0.010546389380745473,0.032219065892369725,-0.0029816422595077036,0.09491796568459114,0.045906576398781485,-0.003740741203675455,-0.014815442901212667
IC2-IC3,-0.042336520795144876,-0.01009287541497903,-0.04978178761550157,0.06981430041534546,0.03659995553273906,0.04037985536782508,-0.049455882433978735,-0.03857573155727698,-0.04858263527332752
IC2-IC4,0.035707775217147915,-0.008764691644481447,-0.026589937661671156,-0.1204071243572465,0.08112334199383513,-0.05854705495812643,0.0005263847515435359,-0.07422660651164088,0.01913178994590148
IC2-IC5,0.05767608328857722,-0.010294992750387717,-0.11345590987821635,-0.01508778452197621,-0.07944469084318123,0.05978391216282365,0.21081117115132925,-0.015172030255982651,-0.05828339962650012
IC2-IC6,-0.04210509678067286,0.03886374529001083,0.019179405760857283,-0.09678863860895318,0.10679926717590092,0.029535132038552927,-0.001934232584596447,-0.006695522672605119,0.05769225362077346
IC2-IC7,-0.0013559613401609675,0.008641210233102612,-0.09021106337925623,0.12945473249887562,-0.07822303503446841,-0.03658823200770066,0.10166690052781835,0.002681751368957336,-0.18003983942059076
IC2-IC8,0.03978597822632034,0.0025471302287410746,0.025373998714581205,-0.059392331932593245,0.07631248922391899,0.09537477120176893,-0.05066195028353721,0.007817403127111213,0.005513072851612413
IC2-IC9,0.04029205776147777,-0.004919410507932248,0.04322769451178746,-0.058298209432479195,0.04296803136361039,0.07651083477497575,-0.048302812957483635,-0.06709161316758515,-0.07687222458174121
IC2-IC10,-0.021710403974593718,0.018512646713087114,0.009468601294104656,-0.04650619255528945,0.08319505788118474,0.035089105649257483,0.059477821002658325,-0.031962673475002035,-0.029084824400341967
IC2-IC11,0.03985442486944286,-0.058616234839883194,0.02033362501919459,-0.04232743991551528,-0.041501223423126114,-0.001442287403054638,-0.05755159059688134,0.08530437253445367,-0.053333999738260196
IC2-IC12,-0.014066751987675884,0.017050415024771934,0.07231568054117528,-0.15029873729164403,0.13458122220341298,-0.0742287390771092,0.14710669949456223,0.01980887610082038,-0.1293532628607958
IC2-IC13,-0.02634530474238338,0.026521509901362428,-0.05201187265294589,-0.02487120878882528,0.07332798528177628,0.019016841269602007,0.006292479215930476,0.01184383879523999,-0.0714618819109303
IC2-IC14,0.08685389768495552,-0.03266931578765929,-0.006202758184942965,-0.10867415593994655,0.10084466973071875,0.066174250076756,-0.03650730120875193,-0.12147861001291002,0.006288425711455272
IC2-IC15,0.053474460956483345,-0.028970994178582208,-0.13050514300085542,0.01618034252610333,0.029937170636761448,0.015102672001073032,-0.033692262677736576,0.07250696539041841,-0.029970111194396996
IC2-IC16,-0.02737586876046126,-0.03579658086807418,0.013365156191595324,0.0032337112987145854,-0.008874842740133039,-0.024411274612703402,0.11675516386071287,0.02379121515550693,0.07837436766757169
IC2-IC17,-0.034374300496577984,-0.009875162991640807,-0.12061888777507364,0.07262455338710656,0.15833129867027257,-0.002265809874455497,-0.044102626732945495,0.08275639786613591,-0.032095276585757136
IC2-IC18,0.015780899726906168,-0.08156714402811104,-0.005653410243475768,-0.01505517426988286,0.0828551819927064,0.056976779180103895,-0.07977014461907045,-0.12462130806274853,0.03870747915694317
IC2-IC19,0.013295987074791968,0.0064128334091913194,-0.07345570976098953,0.002009744629508111,0.008594327565194477,-0.10388509104595968,-0.020495346478141083,0.048636803187701014,0.09242777965989488
IC2-IC20,-0.04810053412002501,0.15084362612602095,0.06413581752388275,-0.07187601503856203,0.12218267646130017,0.0812032442271108,-0.039125648094832544,-0.0003340507710217106,-0.030212901527808582
IC2-IC21,0.022714986847839135,-0.06854342483072888,-0.08086117443239581,0.07600060815818278,0.07314355385482932,-0.09051677081809326,0.026394871915514408,0.021957311865277367,-0.030094553650529127
IC3-IC4,-0.029252109800573856,0.034946878295387895,-0.008360279855851178,-0.08654351319654152,0.16501110417123757,0.025060124825969258,0.0589546635170602,-0.13062153872685417,0.024406191944136478
IC3-IC5,-0.025400645905124,-0.022724259088395045,0.009581697030357505,0.08681667811155863,0.07463952753212869,0.02248529960763291,0.02818100928339297,0.012509454719851019,0.061297304464295294
IC3-IC6,-0.017231824284945935,-0.01143602245126561,-0.0037961548972233103,0.05569335882364267,0.10095807380024624,0.04142697203977702,-0.01221390045478432,-0.013688630907085038,-0.009023840064197897
IC3-IC7,-0.05552764707445855,0.002243330576437073,0.055100858629817284,0.05601147909377309,0.05909672105021208,0.15152371779529894,0.0055048839098997444,-0.021222153543961928,-0.10738838541003876
IC3-IC8,-0.07375166264613944,-0.024477029355046687,0.033172732938540554,-0.03750759426956474,0.18916156723700459,0.016954851739414557,0.0709014912132623,-0.040696457745573233,0.039949251922155586
IC3-IC9,0.03432961863710319,-0.15013688234578113,-0.016552124721241096,0.04627053247594612,-0.02947355340989095,-0.08402646660613818,-0.017891320589909453,0.07829579089024574,-0.012429065698464895
IC3-IC10,-0.0032097129745764378,0.020649238345972588,0.02160465514804098,0.057511427161980044,-0.03918854243630465,-0.06306911077357201,0.02866693956868095,0.04678850066257395,-0.0157388239777889
IC3-IC11,-0.04222158916163783,0.07728222934863108,0.026124053056321563,-0.07814201028579065,-0.00720307718256142,-0.019983418381834983,0.016669189355599776,0.049904996649715726,-0.028938112437834115
IC3-IC12,-0.0045319346032442484,-0.032131683897455035,-0.05074109573379577,0.009913462547344772,0.024589480578646978,0.1277667238808005,-0.045043594205344636,-0.02120495848891334,-0.15147102281521863
IC3-IC13,0.012564419350251476,-0.011000252672379798,-0.010101175523818331,-0.03471227165291562,0.12932984424290203,0.05596520947485164,-0.04980278481302688,0.039472203035552406,0.13037046984019018
IC3-IC14,-0.04780929923128109,0.007885893765238832,0.008362732741052703,0.04592354133444267,-0.01131401605761721,-0.06328858618353007,0.04165595446222609,0.0663208767610148,0.004919010364879453
IC3-IC15,-0.001861661065543669,-0.006803291617281531,-0.0277725767787092,0.058722382646789334,0.02382659255756684,-0.05273760038044109,0.002364650915716958,0.14355894066380895,0.013908269116796233
IC3-IC16,-0.02684478064287205,0.047739458946896615,-0.026359291161285395,-0.01274976572500266,-0.020655219450522323,0.02040875154811305,-0.011868270815503668,0.05180579559150743,-0.07292481140939527
IC3-IC17,-0.011935323565851747,0.004900050413214783,0.08800078157666198,-0.02371854441414154,0.08977660774522475,0.07139802456592909,-0.02854168803701589,0.05523728568235531,-0.07263184570902019
IC3-IC18,0.02871879584374983,-0.09217684366732223,-0.02584797829890561,0.039602552425095264,0.06013008926634934,-0.03685596465052701,-0.05021405163542608,0.0437496374748939,-0.09842772816877694
IC3-IC19,-0.06938200808425853,0.16647556645956627,-0.011353310283590375,0.019943350695087916,0.022137558322116592,0.05453407565290863,-0.038696331424451134,-0.02963639988011353,-0.05118599865376079
IC3-IC20,0.03431213789477016,-0.0011890917784470054,-0.01121106851736403,0.05501088386224247,-0.02620719993884608,-0.07763039008313845,-0.06168756503042952,0.030217883736284028,-0.06239191253332068
IC3-IC21,-0.030544029369281446,0.12012388617681606,0.036755983361025674,-0.15412483935334909,0.037645497777260284,-0.08187126121185707,-0.038608587496591774,0.05280410539114084,-0.07217474692149223
IC4-IC5,0.12137069088699941,-0.08687018884798338,0.038967967953844766,-0.008597228487514385,-0.0436535229499962,0.20532673177785993,-0.07048392865606538,0.1596342800232623,0.0206317412288711
IC4-IC6,0.03029139313051846,0.07375936885424558,-0.08047322649243037,-0.05589920152434041,0.09370918724917966,0.011420532278617076,-0.04954994807313686,-0.08398488355000372,0.20198861021550218
IC4-IC7,0.01838885149014272,0.01682301073647146,-0.056078334672877116,-0.0067366359629410025,-0.022728608763489463,-0.1105847200488455,-0.05572494836492291,0.048646858252724946,-0.04243996645858165
IC4-IC8,0.011615901714424663,0.008477354377031726,-0.11174015188808499,-0.02689329095645909,-0.025016136543275412,-0.1223030176344491,-0.0844970254388214,0.10518490410748309,-0.00898879983950996
IC4-IC9,0.04653016420737951,0.03753614057627583,-0.07264787327157143,-0.022947981434425918,-0.013627081681495427,-0.004923299108681499,-0.021578336810436735,-0.005980526891965161,0.01003520675461024
IC4-IC10,-0.04143982415477723,0.016364276345114396,0.061507273176279534,-0.0965738788720392,0.14291005692619543,0.06488702520170157,-0.05221493043312256,0.013519127361506903,0.007296668366794913
IC4-IC11,-0.006729865669786902,-0.08663448511079626,0.10243427633256573,0.12025452555425861,0.03858131633604344,-0.0007831181926990678,0.042377678665798356,0.0023766570604180424,-0.08252548363471959
IC4-IC12,0.0047212723945798795,0.2014062528591106,-0.008695506391801557,0.02532707192829574,-0.007606973660873579,0.027460887027484178,-0.06286428165822823,-0.05218501633559331,-0.07141260249240063
IC4-IC13,-0.049233261629574365,0.12583242291988792,-0.09053592252949948,-0.044907197082640155,-0.0914772389919058,0.0005187224053835697,-0.1264479391165686,0.03184539022062916,0.027513028586740935
IC4-IC14,0.019645274754495432,0.05430444218242142,-0.09314613864294471,-0.01064683385913861,-0.014530077659408638,-0.003057381734831661,0.06874715759487036,-0.0387767746509999,0.03534888125606829
IC4-IC15,-0.033873834177225094,-0.0255787326223776,-0.05410737190406582,0.0441135520362109,0.06589694460940627,-0.008304820300362689,0.004949949417076945,-0.08138307879166906,0.14763057520329875
IC4-IC16,-0.017118707684021735,-0.003301655003180709,-0.06843653174059172,0.11084354182209269,0.08889237347237437,0.022137878522977647,0.049824037624561696,0.052770642243463346,0.04199519115024028
IC4-IC17,-0.01992600682095814,0.04303749043889711,-0.0014536650029269523,-0.11271171607174711,0.11707794383895992,0.0276658542559588,0.03773975369104401,0.05953737381010533,0.01495065657302187
IC4-IC18,0.006020769658249451,0.03757034551479789,-0.11493157889015487,0.12246176614026409,0.06597931154565091,0.062062549372577935,-0.01326698712876849,0.0487003374702258,0.00838742143827072
IC4-IC19,-0.0003954759012007346,-0.008974732786016022,-0.00777085239195218,-0.06705455442143986,0.017995871432925893,-0.1438486978004586,-0.04191629430851144,0.014547515909419897,-0.07107434372209054
IC4-IC20,-0.022443569445967607,0.027413335612277077,-0.055762789633857605,0.15522836794645312,0.11011538702114144,0.047840051646727846,-0.03644457928757988,0.041715192362121345,0.03315346408775483
IC4-IC21,-0.003122017503014503,-0.02435807507558811,0.059206223342283634,-0.049177688301599395,0.1119958234851722,0.05720018733156686,-0.02448701837252156,0.03243275545137442,-0.09339078665308599
IC5-IC6,0.07780364300236116,-0.06012034565540442,0.024450918063218596,-0.05695589734572024,-0.06726702631327579,0.07312309256678358,0.08791282748441111,0.0410158326687604,-0.025689792300551403
IC5-IC7,-0.02317750074531163,0.03319966399810564,-0.0752568336576549,0.046405352717393225,0.08439200758012746,0.0459803163028837,0.029319427547428046,-0.008650301961545596,0.027638980162589782
IC5-IC8,-0.023290953384488788,0.06407199179561235,-0.025297160901275872,0.03659834115511271,-0.0041622169882789195,-0.01691809800731603,0.040451232585029195,0.06448679610601002,-0.028903662113217033
IC5-IC9,0.015912239684693522,0.03888605199224534,-0.11450835669605938,-0.038721934538590685,-0.033004205950665666,-0.027370527191383377,0.04257308070328584,0.019448253934390026,-0.004856513614891116
IC5-IC10,-0.003414602851067718,-0.06553677197406077,0.1279949348015115,-0.03039729940804096,-0.08037176489037783,0.014418000704121015,0.07008588333324094,-0.06575802339329453,-0.06250009800903072
IC5-IC11,0.022700486284810008,-0.008072454116821648,0.03461914435503842,-0.13036826758645623,0.046335011420336504,-0.10157530547778178,-0.05670339165014779,0.10849245776897122,-0.009079502658493171
IC5-IC12,-0.016372425871223728,0.009705452343802011,-0.08090535896554116,-0.057514241438968994,0.02897072000933081,-0.12125139716601968,0.08337629743010551,-0.001411448217041084,-0.02513508527223658
IC5-IC13,0.015926834541121395,-0.057468063309266904,-0.01393301435259858,-0.035630011219277176,0.048442023621677044,-0.07428171688092187,-0.05405231323312488,-0.07602785377574203,0.08961949819005736
IC5-IC14,0.008848493137748048,0.006139714326860534,0.03656786623928872,0.04667830304065375,-0.027403895460880772,-0.021616427005786337,-0.009124601665580078,0.01570053177859904,-0.005671179062757549
IC5-IC15,0.0476134494001022,0.007721912884756546,-0.03959406844885699,0.05717448780923037,0.03750708198045808,0.07754139669138523,0.0728191561973838,0.0015981325592982223,-0.0476627082024075
IC5-IC16,0.042714471863944864,0.005616653303776363,0.03200016769711018,-0.010722766935691469,0.026938498452387338,-0.09392757942656622,0.03477055248204202,0.08402022037847363,0.00033519585101709115
IC5-IC17,-0.012741729365290893,-0.008996574376593644,0.0873911561774608,-0.03284162651000838,0.013824029380357794,-0.009763592306275663,-0.056927045462114564,-0.007209226739034377,0.05763417095542984
IC5-IC18,-0.044701218963226,0.053513647083146064,-0.04403361455101808,0.13716835610738495,0.09911112379152193,0.13367281145956728,-0.0894855908553311,0.061915615281229686,-0.0433575610397578
IC5-IC19,0.037335153846022706,-0.07708201814708784,-0.013514117567721652,-0.0016002180114527541,0.039383222616773315,0.003739410260397057,-0.06757265964751859,0.05078657662986243,-0.0657709704694938
IC5-IC20,0.13210609910883808,-0.058379386061482956,-0.027422043155285677,-0.01849734366752994,-0.05111907353196966,0.050221516895660734,-0.06095979094649634,0.07482903534974285,-0.07806528398487053
IC5-IC21,0.07738826870701955,-0.08891293643882103,-0.010153592049213803,0.006435736856671039,-0.08484393457349648,0.014087583821252792,0.009263671003246592,-0.022058640162220065,-0.0870369439318622
IC6-IC7,-0.05284830495005949,-0.08793178752157672,-0.05464257574983842,0.09007431622651083,0.06962576477992354,-0.042053595346004426,0.0893134184431643,0.12287753745327164,0.04717491288108952
IC6-IC8,-0.01204687220333443,-0.021060969054555904,-0.06933289225196888,0.04378143443375932,0.0604408517226708,-0.096925130780062,-0.08799235825688176,-0.06557035229476406,-0.1544094395279841
IC6-IC9,-0.014995034019776865,-0.09137892845382997,0.07540531523334004,-0.015713659439224047,0.15435916813557177,-0.08542203276382321,0.015800605941356623,3.264260952702275e-05,0.04857505747288583
IC6-IC10,0.0023127212341664764,0.04296286836234681,0.012502392877977653,0.025792152851572804,0.0020799645413378284,0.016050920529304794,0.18089769133815373,0.0831841936286038,0.07289711274498814
IC6-IC11,0.045369262459428086,-0.06161829692059379,0.008794307375183415,-0.041202977748566204,-0.031835544618891994,-0.06416220986785963,-0.07698666842946747,-0.07065029943065192,0.01575005838836511
IC6-IC12,0.042614443575192014,0.04131023931046877,-0.09828245289462559,-0.017215910120944776,-0.010789566869195938,-0.03142369194625647,-0.0020882802164183282,0.058771684985230256,-0.036833227655839136
IC6-IC13,0.010353872187395157,0.08243682310498612,0.029159838517988878,-0.0006641240052923103,0.013314630938184637,-0.026407533440401258,-0.09402501254441586,0.06496307629058133,-0.09319209941097573
IC6-IC14,0.07201046106454873,0.05151418360922282,-0.06797008414511806,-0.06158589353982629,-0.027284223615249382,-0.03252084389751923,-0.01279464599031076,0.06702104730253985,-0.00013886271485412263
IC6-IC15,0.0008274719605243131,-0.07629409789632861,-0.055578529681497145,-0.010026617248099915,0.06984198659820277,-0.08985690854076303,-0.008127506069682953,-0.19244135068454474,-0.041015741302551874
IC6-IC16,0.103549436220023,0.08586440123680754,-0.15176507569818518,-0.06913660137458318,-0.07465323970292785,0.09988940538378396,0.09673851715750845,0.011722420480937785,0.08843828583745059
IC6-IC17,0.09878045495784785,-0.18148252814522897,0.014803979513472346,0.014495119645645437,-0.031137695345210662,-0.056347012576485056,-0.008061905270619993,0.12266444544945362,0.046613137846785994
IC6-IC18,0.06313508285623931,-0.15691568311321202,0.04375885382373358,0.02688895283527302,0.04627579268473612,-0.015115319693134838,-0.011184186990446725,0.061934432200851146,0.04721951758108643
IC6-IC19,0.027553333912503173,-0.19722986831346398,0.08732243389820044,0.07899125654535742,0.058885045961080164,0.018138077262701877,0.08645499234826604,0.044143782992510976,-0.02031973206131256
IC6-IC20,0.10624516734626256,-0.01720135802929361,0.047060293264753264,-0.0955077138946565,-0.09426691803039702,-0.015597854541227151,-0.03245906593578329,0.017528414412256894,-0.1447806351804509
IC6-IC21,-0.04053343281433907,0.0564655676591962,-0.04968145759923913,0.07467788656436118,0.0024063049901647533,-0.056545203645733504,0.06502760667143155,0.06780020463892093,0.1880220122962832
IC7-IC8,-0.038066124868244504,0.011216229532655109,-0.10103227956901259,0.0713689978217786,0.06376383225822714,-0.040323894989668534,-0.0036696837469811293,-0.00134904593248797,0.018743965459887046
IC7-IC9,-0.057556271590387446,0.05189546033976304,-0.0015890380863530882,-0.1441109680295968,0.10073606320727727,-0.006587852975033414,0.03252878454900906,0.17655664915331387,-0.037455053309834015
IC7-IC10,0.06977890386159592,-0.023387483919188733,-0.0987982593057513,-0.021731109731964775,0.0030318143508248365,0.06133063545299299,0.011614571976164117,0.10084446097105292,-0.007582898863516106
IC7-IC11,0.10437534012705023,-0.07990144465399981,-0.07724732658872256,-0.018628128408079318,-0.008103967648702843,0.06831171056972268,-0.14511950361176837,-0.08168749013042738,0.13179950263269327
IC7-IC12,0.007455717293586786,0.032163696008502995,-0.042919332141915095,0.003100062697134065,0.0313074910833629,-0.03723809768791351,-0.030814084526429333,0.11217788718598863,0.07169493299173496
IC7-IC13,0.024998891520373465,0.028733540793808174,-0.1511101601780932,-0.03089209369883511,0.01707276975668528,0.03286794294737317,0.0497681663601659,-2.0242077909388675e-05,-0.02000101907896721
IC7-IC14,0.05986083110711589,-0.0012242622834363187,-0.007485050386302264,-0.1315842887768631,-0.06228750917718989,-0.04100847026154696,-0.05627932095716829,0.062140550314568534,0.06631300207708894
IC7-IC15,0.024427802540550606,-0.02833955182395126,-0.017801476880977347,-0.1301483204244577,0.12600732995791877,-0.07494464381306382,0.04769136155903274,-0.11228766459037229,0.026790077829374283
IC7-IC16,0.019226332182122014,0.0016116412423847009,0.01284150712347252,-0.011048642160989502,-0.06913367784906599,0.031198319720584997,0.033130931279715045,0.039590634404982686,0.10264629906008878
IC7-IC17,0.0715983694901023,-0.08831533215234201,-0.08506782431447016,-0.021411330892548146,-0.05030101380539798,-0.006917378275418289,0.08684716440312423,-0.029011920731962827,-0.02174716787317152
IC7-IC18,0.04101849477314358,-0.03387343082138969,-0.014473603418418312,-0.008867360003339425,-0.040052761583500615,0.009025200503800217,0.06693705408665307,-0.015326145078291964,-0.06637302968343459
IC7-IC19,0.10195861026301478,-0.03648074379615949,-0.0990270509587574,-0.023510144689871268,-0.0409743056737775,0.045660011616012214,0.009729252524486417,-0.04214095656926575,-0.07621565709726888
IC7-IC20,0.051461242525202185,-0.039043264932521686,-0.022908768916186432,-0.015805350432474805,0.005876701134745407,0.0011845553485653256,0.01172835744298526,0.03760301195038907,-0.042833633001749354
IC7-IC21,-0.016707285770503576,-0.00718746706084854,0.01247166903970501,-0.08189666338610542,-0.06233171545901878,0.05949272163904598,0.08876674434465837,-0.0943002161874901,0.08647442472337487
IC8-IC9,-0.10979049618072848,0.010287187847163025,0.03545774620063125,0.11609409784764455,0.059059535871647716,0.05690441303281558,-0.14463443670744255,-0.009420709920420723,-0.09933205607696512
IC8-IC10,0.046215820200824397,-0.04708114624752272,-0.0956675787035771,0.02398305149804481,-0.0344553753186079,-0.1392718453557633,0.16958016990485347,-0.07007458453600152,0.014277188290361427
IC8-IC11,-0.06265456155440496,0.10114604130988275,0.05593192015018542,-0.11543827920869172,0.060503708217950924,0.027749116716122176,0.08773912055010927,0.10340110241257562,-0.046405993719137846
IC8-IC12,0.004093534594482383,-0.0029211474920057823,0.0030600163787428635,0.024515991398098045,0.09343014512976741,-0.08256976928817833,0.004688511161496798,-0.0755306948156833,-0.1369294144683838
IC8-IC13,0.03590424528370732,-0.04779326072623418,-0.03692460173751436,-0.03393540747820992,0.11092646033056915,0.017359387185884333,-0.007670464695819301,-0.15313610451882004,0.05757794258524195
IC8-IC14,0.04688406522870701,-0.04587658215006525,-0.027759606794026254,0.011129879556440321,-0.03396869983495751,-0.013625825444882595,0.18425585355792642,0.03804678971372203,-0.01881163091661056
IC8-IC15,0.01684614313074319,-0.06450663929866988,0.0034646327886387364,0.05654581370317756,-0.005686806673086709,0.032445318170949505,-0.030460724445256087,0.03867625157621478,-0.0573880883384974
IC8-IC16,0.018478855230956433,0.0166088062823411,-0.09159259135644016,0.044931089039375385,0.02468449000387337,0.015049736945801724,-0.05101766399617091,0.12625738091002672,0.17463255319836138
IC8-IC17,0.019453242032743855,-0.046968085184626085,0.05781897126307057,-0.1691522160789231,0.09125277660710761,0.017549739972984542,0.06231888190592407,-0.11289566763098177,-0.0207922834024855
IC8-IC18,0.08241638856937794,-0.011792190975975673,-0.11703075427235658,-0.01121646747774246,0.018569255928279745,-0.022991677155462853,-0.17470203115610694,0.028094404232242264,-0.0934966321493868
IC8-IC19,-0.06892712434628977,0.0917790461545074,-0.013476592092816878,0.04848900166438396,0.0031915168740389655,0.07430704904574466,0.0487441375784989,-0.04679226565921407,0.004763369353120761
IC8-IC20,-0.03906608849502717,0.050664017876534344,-0.05729884222240105,0.0646355833290976,0.02888419099014903,-0.05796046343371176,0.0724066681783782,-0.027249377390793684,-0.06761765369308467
IC8-IC21,-0.013918493680569223,0.1046245531580119,-0.02390675844567911,0.020256297151359338,-0.08791377158559345,-0.0274838728265066,-0.048288877112482684,-0.013887093909915936,-0.0650555407462092
IC9-IC10,0.03946868161092075,0.036655026911626344,-0.14806759285295013,0.013405352590908852,0.017924000483726964,0.06923013163809356,-0.00987002127805991,0.030474661201198388,0.010639532339392795
IC9-IC11,0.06088760601124586,-0.039044473906146945,-0.10899486011966573,-0.00018640459786807852,0.06251253199825636,-0.06729272749941279,-0.08815598397752228,0.059186021134171755,-0.0453656395928441
IC9-IC12,-0.00024173499380793822,-0.13880016705298706,0.03534691413879275,0.024011665008489076,0.04520909809162149,-0.013275695205439142,0.02720456773782067,0.10090145929542828,0.10170520192441546
IC9-IC13,-0.0011658941829268076,-0.012792888045348115,-0.0828559053927903,-0.026035065981101033,-0.021250817704540542,-0.0883183729788475,0.05303033557279265,0.10872586894409378,-0.018280619260752994
IC9-IC14,0.03767050396538981,-0.023719691999492882,-0.01771596238924841,0.0026773318860159575,-0.08787653216564212,-0.06628338623416126,-0.029480785593649205,-0.028165856428263237,-0.05217166079191717
IC9-IC15,0.04218303922214495,-0.103393989490267,0.0030411962126189874,-0.008852596843278049,0.044822331112949046,-0.06438948721514214,-0.050223521716816294,-0.03105460899220341,0.034330194074638685
IC9-IC16,-0.019754924989035146,0.0434997181423349,-0.0730576494512521,0.0126522964150962,0.056118045851003565,0.06436156229278389,0.08701922685670631,0.07739899724627618,-0.023461313813995265
IC9-IC17,0.006506267515326218,-0.09508564415003726,0.044294439095089046,0.018570226297469107,0.10191171895842652,-0.11549579383822353,0.002390504057653893,-0.0034219846652149824,-0.04126506370335726
IC9-IC18,0.021075678308919994,0.03667439600718233,-0.14874342540198976,-0.05048176973537151,-0.03518880193220577,-0.11713534150045996,0.054431546928064,0.058673757151421146,0.04623513366762564
IC9-IC19,-0.004190447329949472,0.021512584678656663,-0.1233573258618414,-0.058327166997091534,0.05079366499673633,-0.07291625958680494,-0.07536583955223713,0.028853928384399496,-0.13967920865675296
IC9-IC20,0.03198930361178604,0.045190058132447655,-0.06842803278107376,-0.04526699515304373,-0.030511713676834026,-0.03071262364980317,-0.018974177865838424,0.05347254719105162,-0.07452846213264508
IC9-IC21,0.05435604922029172,-0.02880825982898296,-0.058682069955613904,-0.0864416442657396,-0.02186377953925149,-0.06279282292932202,-0.03848360752638924,-0.06093169268295577,0.048047756397650576
IC10-IC11,0.0438804248468196,0.040788365575144744,-0.19727932719280472,0.0025692193411345748,0.08767760831012601,-0.05552505728292065,0.09143643785438417,0.011617780226425107,-0.08384112580251896
IC10-IC12,0.10365956417803864,-0.1600956786876213,0.02190464387606457,0.031223624023668874,0.021387051194198026,-0.0743891525030839,0.03106127454039395,0.08656324558030071,-0.03668026571251862
IC10-IC13,0.01929974239969468,-0.19147630184853204,-0.012121321960579778,0.018227556248949006,0.13622272183214,-0.045328403490709865,0.06113273452835195,-0.03798169636160313,-0.05104022732161993
IC10-IC14,0.0375825151467363,-0.19156364361535333,0.042953221093622755,0.03299143002913365,0.019682634907779713,0.08199257103821186,0.05991420266661809,0.057647204273400074,0.04283253654753503
IC10-IC15,0.0880211021990119,-0.012373019430802183,-0.05512702938389359,-0.07759945920868858,0.03141145481983056,-0.11385749488812516,0.029815844291148356,-0.0075504343664234965,-0.10001324529297481
IC10-IC16,-0.005896654196402023,-0.002585902859563383,-0.16602678173007243,-0.006341934585582728,0.12582327456580428,0.05651164319062906,0.051964219304705954,0.0330401102916437,-0.0726739395609272
IC10-IC17,-0.12077002941598292,0.1550263023143131,0.05542978406666921,0.03414213718645042,0.03735569578197719,-0.02717443086176512,0.08977645365353858,-0.05019901594337226,-0.05036816261614014
IC10-IC18,0.009199965961493793,0.04173350885181758,-0.042390147091595894,0.03170072851005727,0.02530058645249975,0.11199390153420788,0.0808009907525923,-0.06711597309589096,-0.038673530128540204
IC10-IC19,0.007263278539920654,-0.14550811607052638,-0.01931085956980953,0.05902492398334753,0.1716356986539934,0.019219559255437908,-0.0689691838177029,0.06480370496021487,-0.12625584768731946
IC10-IC20,0.028272991022371293,-0.08178945268050729,0.03968794854902959,-0.02841909472353504,-0.0003313919500768283,-0.07427387189535921,-0.09227693669011527,-0.0205566973739164,-0.030694346205264268
IC10-IC21,0.10218397267236794,-0.05464835455254278,-0.06389942238440287,-0.02134774710880815,-0.08091669467802046,0.03598235508965017,-0.07210028183863057,-0.09396623313836763,0.14403163306943104
IC11-IC12,0.037956262166843606,0.03115413261684868,-0.03749496826807218,-0.09771996074644347,0.023772766738993038,0.1500773887414628,0.04491191558948005,0.05926078773646003,-0.06023276996347831
IC11-IC13,0.0018254078343107546,0.021697498711909985,0.08719082254894404,-0.2216571912778584,-0.0021230964271969793,0.10620000569490308,-0.06706385737747031,0.18675385561871338,-0.016371632877361906
IC11-IC14,0.03723709354769247,-0.035408669163725044,-0.0032687299235109666,-0.055646239032172785,0.021038374809837293,-0.04995847695565013,0.04107694519839225,-0.054584064788672615,-0.014336612878334482
IC11-IC15,0.028119591172644592,-0.012866485405818138,-0.0487639480295401,-0.04708702739320458,0.04457973093867752,-0.003688096104912048,-0.10345363331539749,-0.002093975569664586,0.026691982781840595
IC11-IC16,0.004348242596720071,0.07981491232704033,-0.0132473672191098,-0.08003121384307016,0.04257300303665633,-0.004484801762582206,0.05558260927028172,-0.015328500665893068,-0.030481028448200536
IC11-IC17,-0.09713515990042536,0.035611745014780226,-0.05656115133583773,0.1579081828317808,-0.046066644861118645,-0.03291796464001375,0.010722035238041707,0.10239609573700685,-0.08357503448587723
IC11-IC18,0.05685558477134376,-0.009891261306020803,-0.04654691548059535,-0.008954968121491559,0.10479986232724423,0.003910873478234096,0.07545741737698297,0.055610836770621286,0.029469180044005415
IC11-IC19,0.02218110765071537,-0.0700686627367472,0.04252249466014026,-0.01708883335551497,0.0929363533935921,-0.030195197826610072,0.02821283792486369,0.15774195919512485,0.02505879238167672
IC11-IC20,0.008124176948580922,-0.031195800922402192,-0.05522999399352719,-0.05688210446360799,0.09135498342293902,0.03309364533704283,0.0184944733580879,0.10338808543974373,0.009968723415586096
IC11-IC21,-0.001318443926421594,-0.0739227818145241,0.03992357249191659,-0.011545186987383117,0.16295862711498296,0.02840292020933347,0.09886345443303267,0.09866069259409459,0.1006228376110981
IC12-IC13,0.03693361574297431,-0.026802552417391434,-0.038373862434554165,-0.026503890548704858,0.029925796104871026,-0.03759352801052504,-0.019587161278175124,-0.000545421951601612,-0.03756633097994543
IC12-IC14,-0.0673953243133757,-0.00041200626369451016,0.031121023446853725,0.029725089940588346,0.029772323033738144,0.0023116944307432358,-0.0068489359723673615,0.0262388749363383,0.05045934217250522
IC12-IC15,-0.045295776559799564,-0.014208140830824448,0.004777192565934631,0.029458155957347115,0.017796753889464396,-0.03220783530264606,-0.07888863790417831,-0.025012358054667613,0.01884248188245303
IC12-IC16,0.07581783653383224,-0.07060275761397307,0.005336398382842087,-0.1147771570257226,-0.013615365779219998,0.0715554062273165,-0.06600196768547183,0.008328486120436993,0.022069539005585843
IC12-IC17,0.03419487096931663,-0.0843540116526935,-0.039586169437322474,-0.011945842214314054,0.10465732280571992,0.001293401050006368,0.03528421549598735,-0.028518369627381284,0.08094753738304654
IC12-IC18,-0.031338115893612836,0.02236345416504038,0.018098134918789664,0.05592938685969255,0.11326017311704233,-0.026308858663896425,-0.06729332893241932,0.06369071632739765,0.024052967845058438
IC12-IC19,0.1103852201355013,-0.051575794347852394,-0.062258310945174936,-0.06461573974542033,-0.0765494970637443,0.047489612075296714,0.1350117521673173,0.08929058553138725,0.09708141476422827
IC12-IC20,0.0162761408757915,-0.03258226862029208,0.03080449653001242,-0.036837507382831286,0.12139200612884775,-0.04139781549536446,-0.007706041139163393,0.015211676096951154,-0.04063074295107111
IC12-IC21,-0.005114031386760013,0.0299201094701542,-0.06930438464166537,0.0008219283144374162,0.05159873021099495,0.021514584933997754,-0.06292037159800166,0.06368871617532028,-0.0378195479879743
IC13-IC14,0.04914996258109771,-0.0428946529062619,-0.06361235883805737,0.035809838904815414,0.0059950500714360195,-0.04876136882107792,-0.1481462287418975,-0.07945821368323569,0.09145801593537477
IC13-IC15,0.09954403427346155,0.020155675525965342,-0.016265650251674174,-0.014163195353609773,-0.007318602853054196,0.08979702091807974,0.02290550083419531,0.05507403927436394,0.00014925546306215665
IC13-IC16,0.08054537153700495,0.02477854441548196,-0.05984435237758264,-0.009025016061978666,-0.041536894271141205,0.10152985528421336,-0.05719544973373374,-0.022414459064229696,-0.026067669857039396
IC13-IC17,0.08524862914037058,-0.026426046744899012,0.05005714205145295,-0.061750024147536005,-0.03829588764359969,0.10365227115478466,0.024337666304136252,0.03300644005070334,-0.02744496436452396
IC13-IC18,0.039184579619073415,-0.018067471113272292,-0.06324837756790103,-0.03164941526396621,0.0585379026907128,0.04840304262738085,0.009398739387967182,-0.1271366357186549,0.03380950120643722
IC13-IC19,0.0774585218194658,0.0824852643260303,-0.13763379462246297,0.005482562823531201,0.046072403856992725,0.15843116623975695,-0.0276825589427323,0.05749184847977873,0.020553022411760456
IC13-IC20,0.054312654330050045,-0.1040478555570204,0.01309251039988139,0.03862634297286746,-0.004745924117241334,0.035663770370083454,0.09149219609129243,-0.07988167310455194,0.0009286247715133696
IC13-IC21,0.08482950618025792,-0.08695442728400161,-0.03049144037354403,-0.029080566446378468,-0.009270402056196204,0.08713434597092053,0.02677987531745603,-0.03130171179685018,-0.05563798543173734
IC14-IC15,0.08367524627948193,-0.08545906722516254,-0.004576044605374755,0.01623157393806786,-0.01171314372272364,0.1133710945539476,0.06098071513598815,-0.02136549034274764,0.003244109918056486
IC14-IC16,0.03575143119029013,-0.06922725882505792,0.06528558900231353,-0.017884277945187776,-0.0196194517753909,0.0750528164783024,-0.06610028238161202,0.000305547257669056,-0.11806477447247084
IC14-IC17,-0.10862420943073185,0.08927985866923609,-0.025974387720808435,-0.010774821882397362,0.05322937014990195,-0.044851305849417565,0.03508311493931918,0.05278572201812938,0.07958781790033935
IC14-IC18,-0.01731896098345779,0.09139188688438823,-0.11198664771262686,0.01822515432818363,0.008594105677725778,-0.042992067536579665,0.06674365450350889,-0.057784711531850066,0.004451644172385418
IC14-IC19,0.004969537235993069,-0.007324744319950234,-0.02147519055108437,0.009423070778784445,0.030575128622361662,-0.04864408411980812,-0.1075960794290784,0.01950344340482404,0.006060261166321746
IC14-IC20,-0.04252144229970443,-0.11665984403854568,0.002432310307575539,0.041749760325014595,0.06562470007984986,-0.07377302332573198,0.072570832829746,-0.016185307718395565,-0.0389172935059827
IC14-IC21,-0.025766470041773817,0.05767368161021019,-0.014127416243847139,0.014019805773204101,0.02083365684040468,0.11777548286551831,-0.048963935626475906,0.11075093693026344,0.0003897575257920553
IC15-IC16,0.016381687843333215,0.0379775436100183,-0.027462511971634133,-0.07867387767486973,0.06047254418018681,0.057666183325963564,0.08237874010267746,-0.058669652038689395,0.00812436438482275
IC15-IC17,0.02553790722126352,0.008359437026119174,-0.028211007931485114,-0.0732064254199846,-0.014231817923935082,0.029946125218473025,-0.024348475110618918,-0.05435962750162444,0.00811647475965452
IC15-IC18,0.06898430471545591,-0.04424872040322499,-0.010841424411231999,0.06956618647155799,-0.0037329627316466008,0.037244261849404055,-0.05208457813220519,-0.03827179115187559,0.02550156433476805
IC15-IC19,0.018218617241690046,-0.012917543644461958,-0.025168610408158168,-0.1359226917531684,-0.03401181150247386,-0.022646995090964683,-0.0401957012557383,-0.011093718809609077,-0.10361994033804804
IC15-IC20,0.02980670553466657,-0.02668933138889966,-0.019034317281474304,-0.03147368702225915,-0.008857816274340517,0.015678221525672217,0.05373750267416567,0.013752137727835444,-0.0747016028657439
IC15-IC21,-0.021436951812573435,-0.022805477692354744,0.07126976167812686,0.006348938059267226,0.029727124133868632,-0.008454318137584583,0.05708453687448828,-0.0012613895193093303,0.02315843536548713
IC16-IC17,0.004683910077255513,0.04410168276808105,-0.10473033886983474,0.14228378239635486,0.0924194410232744,0.03873229189757668,0.16244211252407634,-0.06113346545653887,-0.022743351590335685
IC16-IC18,0.005100194849846814,-0.014662243328054742,-0.06762498397051174,0.06644573808745423,0.03412002107160107,-0.04665378230867146,-6.963627989586122e-05,0.005478468156755761,0.007328438763580929
IC16-IC19,0.012029870754045657,-0.04414395922109993,-0.002968798927614035,-0.039842526557220266,0.012977362056497771,-0.04900486969969862,0.008650666573759638,-0.06148659482385489,-0.07013876598131025
IC16-IC20,-0.027646796894384106,0.029192404062672962,0.03622902378960616,-0.007323570404772706,0.10473730845133973,-0.07438316917702816,-0.06616862838379917,0.0021788871201906673,-0.05548607751608168
IC16-IC21,0.09593171037253477,-0.04335786138202914,-0.04648494743862985,-0.002793954155728797,0.023127390011856364,0.1171277111605237,-0.0004644244678810807,-0.055166099908204876,-0.07789222405068025
IC17-IC18,0.03076835228218279,-0.011058386607125407,-0.0810669029598471,-0.006902834830270135,0.011012944888912315,0.04482524956399474,0.05129312948794581,0.024018527681851354,-0.04678337710433257
IC17-IC19,0.09739931403233125,-0.0498469920546735,-0.06478396859953472,-0.06255704643678718,-0.021725335015908596,0.1015459435053469,0.042874846021080645,-0.02125890735710245,-0.06086709162039996
IC17-IC20,0.0016255141380431249,-0.00760495673381788,0.09039029646102499,0.0745314479690083,0.08059310968484384,0.059917477343290206,0.025171607328624546,-0.07495177877024194,-0.021615370103766622
IC17-IC21,0.02567097783998367,0.017237898735454452,-0.11891527804241939,-0.04660023080535005,0.03683600762227354,-0.03511734937731305,-0.0077972592318697334,0.03624293194267186,-0.07643254362526831
IC18-IC19,-0.031576061596192834,0.04771465408840961,0.011120300757580137,-0.014651360494237249,-0.05229808556415229,-0.022240467333516246,0.1303201642679062,0.03697947569279863,0.014602397033431238
IC18-IC20,0.036187794715530124,-0.027962924275097657,-0.13854454348653866,0.024855211233994562,0.03244057943788875,-0.055464703935385475,-0.04658500897851475,0.13804099111397833,0.021985799501694
IC18-IC21,0.029706887785546053,-0.020121234760195547,-0.046990119178121875,-0.02166680307982475,0.025287581335503618,-0.01482383823894303,-0.11330359122122267,0.013015999226878409,0.009039901037847466
IC19-IC20,0.020434212834454655,0.06439998754141715,-0.08940826740301083,-0.03986871062914964,0.04584348216874225,0.004328089686691378,0.07977962767167732,0.028285667322482354,-0.028085995392934205
IC19-IC21,0.020017420092816183,0.03503721217993286,-0.0887430151555936,0.0012953031620366534,0.008801803835706837,0.04431678993962974,0.033272617503437504,-0.023495552930474475,0.12253321888084677
IC20-IC21,0.04554084984372628,0.031379113101924226,-0.035112551086993946,-0.009816298575488805,-0.03215860086031875,0.03579039795981766,-0.07007577667227234,0.08015938582026351,-0.0998261856919105
sex_1,0.0583596472846762,0.026457574348306288,-0.10330611481617265,-0.030613360647182328,-0.06428136579435689,-0.1698177442439065,-0.12842283455149284,-0.06861296264049443,0.06128813750063281
assessment_centre_11026,0.031047715447116764,0.0377977084532055,0.04353765769475715,-0.03141583355188795,-0.07389296117821473,0.13142189095092413,-0.13538909317382125,0.00880658442670619,0.08466896504618171
assessment_centre_11027,0.03149758613486673,0.00411139067559,0.03555975497008299,0.004842399533370549,0.0011715378554588856,0.06607311880360377,-0.05114326938388835,0.21376514175069009,0.19678958475630656
